{"schemaVersion":"1.0","appDefinitionTemplate":{"id":"/providers/Microsoft.PowerApps/apps/","type":"Microsoft.PowerApps/apps","tags":{"primaryDeviceWidth":"1366","primaryDeviceHeight":"768","sienaVersion":"20231115T084843Z-3.23105.18.0","deviceCapabilities":"","supportsPortrait":"false","supportsLandscape":"true","primaryFormFactor":"Tablet","publisherVersion":"3.23105.18","minimumRequiredApiVersion":"2.2.0","hasComponent":"false","hasUnlockedComponent":"false","isUnifiedRootApp":"false","showStatusBar":"false"},"properties":{"appVersion":"2023-11-15T08:48:43Z","lifeCycleId":"Published","createdByClientVersion":{"major":3,"minor":23105,"build":18,"revision":0,"majorRevision":0,"minorRevision":0},"minClientVersion":{"major":3,"minor":23105,"build":18,"revision":0,"majorRevision":0,"minorRevision":0},"backgroundColor":"rgba(141, 198, 63, 1)","backgroundImageUri":"/12251134164992862744/N252fc3c2-7968-424d-b40c-b0134aed865a-logoSmallFile","displayName":"Ignite-InviteGuest","description":"v1.2","commitMessage":"Changed success message","appUris":{"documentUri":{"value":"/12251134164992862744/Nafba39ee-43c3-4696-ada4-553770a29c07-document.msapp"},"imageUris":[],"additionalUris":[]},"createdTime":"0001-01-01T00:00:00Z","lastModifiedTime":"0001-01-01T00:00:00Z","sharedGroupsCount":0,"sharedUsersCount":0,"connectionReferences":{"de50c572-8b20-47e2-8b3f-4355eeb37c3b":{"id":"de637ada-eb99-41c3-bb8a-25b1ca73d976","displayName":"Office 365 Users","iconUri":"https://connectoricons-prod.azureedge.net/releases/v1.0.1664/1.0.1664.3477/office365users/icon.png","dataSources":["Office365Users"],"dependencies":[],"dependents":[],"parameterHints":{},"parameterHintsV2":{},"isOnPremiseConnection":false,"bypassConsent":false,"dataSets":{},"apiTier":"Standard","isCustomApiConnection":false,"actions":["MyProfile"]},"042df0c2-deb5-4bdb-952d-bcdc9b980de2":{"id":"7d031160-c830-40e0-b58b-bcd2b979d36d","displayName":"SharePoint","iconUri":"https://connectoricons-prod.azureedge.net/releases/v1.0.1664/1.0.1664.3477/sharepointonline/icon.png","dataSources":["InviteGuest","InviteGuestJustification"],"dependencies":[],"dependents":[],"parameterHints":{},"parameterHintsV2":{},"isOnPremiseConnection":false,"bypassConsent":false,"dataSets":{"https://tpe5.sharepoint.com/sites/Ignite":{"dataSources":{"InviteGuest":{"tableName":"9583ad57-d746-4163-a616-96a4945cb3a5"},"InviteGuestJustification":{"tableName":"d20233bf-05b6-47b6-9f4f-73fe139e3c27"}}}},"apiTier":"Standard","isCustomApiConnection":false,"actions":["providers/PowerPlatform.Governance/Operations/Read","providers/PowerPlatform.Governance/Operations/Write"]}},"databaseReferences":{},"almMode":"Environment","performanceOptimizationEnabled":true,"canConsumeAppPass":true,"enableModernRuntimeMode":false,"executionRestrictions":{"isTeamsOnly":false,"dataLossPreventionEvaluationResult":{"status":"Compliant","lastEvaluationDate":"2023-11-09T20:32:49.9908635Z","violations":[],"violationsByPolicy":[],"violationErrorMessage":"The app uses the following connectors: shared_office365users, shared_sharepointonline."}}},"appType":"ClassicCanvasApp","appComponents":[]}}